execucao,tempo
1,2610.4765113649773
2,2587.2311574110063
3,2590.0350842509943
4,2591.9781082950067
5,2590.871380966011
6,2593.3561668570037
7,2592.644789631013
8,2595.5563220419863
9,2592.864936862985
10,2588.60471177398
